{"cameraMode":{"drawMode":0,"name":"Shaded","section":"Shading Mode"},"sceneLighting":true,"audioPlay":false,"sceneViewState":{"showFog":true,"showMaterialUpdate":false,"showSkybox":true,"showFlares":true,"showImageEffects":true,"showParticleSystems":true},"in2DMode":false,"pivot":{"x":57.7634162902832,"y":9.364888191223145,"z":829.0377197265625},"rotation":{"x":0.08575768768787384,"y":0.6758604645729065,"z":-0.07965084910392761,"w":0.7276790142059326},"size":15.529693603515625,"orthographic":false}