{"cameraMode":{"drawMode":0,"name":"Shaded","section":"Shading Mode"},"sceneLighting":true,"audioPlay":false,"sceneViewState":{"showFog":true,"showMaterialUpdate":false,"showSkybox":true,"showFlares":true,"showImageEffects":true,"showParticleSystems":true},"in2DMode":false,"pivot":{"x":360.53192138671877,"y":-145.52383422851563,"z":1060.892333984375},"rotation":{"x":-0.21349817514419557,"y":-0.44971150159835818,"z":0.11163154244422913,"w":-0.8600903749465942},"size":963.6371459960938,"orthographic":false}